toptrack_key,track_url,track_name,artist_key
7795WJLVKJoAyVoOtCWqXN,https://api.spotify.com/v1/tracks/7795WJLVKJoAyVoOtCWqXN,I'm Not The Only One,2wY79sveU1sp5g7SokKOiI
5Nm9ERjJZ5oyfXZTECKmRt,https://api.spotify.com/v1/tracks/5Nm9ERjJZ5oyfXZTECKmRt,Stay With Me,2wY79sveU1sp5g7SokKOiI
1mXVgsBdtIVeCLJnSnmtdV,https://api.spotify.com/v1/tracks/1mXVgsBdtIVeCLJnSnmtdV,Too Good At Goodbyes,2wY79sveU1sp5g7SokKOiI
2TeLIzFBe3hxkPR5FIQZut,https://api.spotify.com/v1/tracks/2TeLIzFBe3hxkPR5FIQZut,Like I Can,2wY79sveU1sp5g7SokKOiI
16MQETUgqXwY4lZcyRafU3,https://api.spotify.com/v1/tracks/16MQETUgqXwY4lZcyRafU3,Love Me More,2wY79sveU1sp5g7SokKOiI
7t3Xdbufg7q2onVsR8RBdY,https://api.spotify.com/v1/tracks/7t3Xdbufg7q2onVsR8RBdY,Fire On Fire,2wY79sveU1sp5g7SokKOiI
3xgT3xIlFGqZjYW9QlhJWp,https://api.spotify.com/v1/tracks/3xgT3xIlFGqZjYW9QlhJWp,Dancing With A Stranger (with Normani),2wY79sveU1sp5g7SokKOiI
34pRqzRiFcIuyRMuuEayzY,https://api.spotify.com/v1/tracks/34pRqzRiFcIuyRMuuEayzY,How Do You Sleep?,2wY79sveU1sp5g7SokKOiI
0hquQWY3xvYqN4qtiquniF,https://api.spotify.com/v1/tracks/0hquQWY3xvYqN4qtiquniF,Vegas (From the Original Motion Picture Soundtrack ELVIS),5cj0lLjcoR7YOSnhnX0Po5
6Uj1ctrBOjOas8xZXGqKk4,https://api.spotify.com/v1/tracks/6Uj1ctrBOjOas8xZXGqKk4,Woman,5cj0lLjcoR7YOSnhnX0Po5
3Vi5XqYrmQgOYBajMWSvCi,https://api.spotify.com/v1/tracks/3Vi5XqYrmQgOYBajMWSvCi,Need to Know,5cj0lLjcoR7YOSnhnX0Po5
0k4d5YPDr1r7FX77VdqWez,https://api.spotify.com/v1/tracks/0k4d5YPDr1r7FX77VdqWez,You Right,5cj0lLjcoR7YOSnhnX0Po5
3DarAbFujv6eYNliUTyqtz,https://api.spotify.com/v1/tracks/3DarAbFujv6eYNliUTyqtz,Kiss Me More (feat. SZA),5cj0lLjcoR7YOSnhnX0Po5
60ynsPSSKe6O3sfwRnIBRf,https://api.spotify.com/v1/tracks/60ynsPSSKe6O3sfwRnIBRf,Streets,5cj0lLjcoR7YOSnhnX0Po5
0W6I02J9xcqK8MtSeosEXb,https://api.spotify.com/v1/tracks/0W6I02J9xcqK8MtSeosEXb,Get Into It (Yuh),5cj0lLjcoR7YOSnhnX0Po5
5lAnYvAIkSDNXqfo7DyFUm,https://api.spotify.com/v1/tracks/5lAnYvAIkSDNXqfo7DyFUm,Ain't Shit,5cj0lLjcoR7YOSnhnX0Po5
6xGruZOHLs39ZbVccQTuPZ,https://api.spotify.com/v1/tracks/6xGruZOHLs39ZbVccQTuPZ,Glimpse of Us,3MZsBdqDrRTJihTHQrO6Dq
0rKtyWc8bvkriBthvHKY8d,https://api.spotify.com/v1/tracks/0rKtyWc8bvkriBthvHKY8d,SLOW DANCING IN THE DARK,3MZsBdqDrRTJihTHQrO6Dq
1VGzxJnVQND7Cg5H5wGj14,https://api.spotify.com/v1/tracks/1VGzxJnVQND7Cg5H5wGj14,YEAH RIGHT,3MZsBdqDrRTJihTHQrO6Dq
0baNzeUcPQnQSagpe8T0mD,https://api.spotify.com/v1/tracks/0baNzeUcPQnQSagpe8T0mD,worldstar money (interlude),3MZsBdqDrRTJihTHQrO6Dq
5F1ZmucV0uJY14y2dYKePa,https://api.spotify.com/v1/tracks/5F1ZmucV0uJY14y2dYKePa,Sanctuary,3MZsBdqDrRTJihTHQrO6Dq
7wvwXi9Z66dcH5t202vVkN,https://api.spotify.com/v1/tracks/7wvwXi9Z66dcH5t202vVkN,Will He,3MZsBdqDrRTJihTHQrO6Dq
3xo4Q43ei0ypZOvd2W1IqZ,https://api.spotify.com/v1/tracks/3xo4Q43ei0ypZOvd2W1IqZ,Like You Do,3MZsBdqDrRTJihTHQrO6Dq
6Ed1q0X8oSKSm4IIhiQbYg,https://api.spotify.com/v1/tracks/6Ed1q0X8oSKSm4IIhiQbYg,Daylight,3MZsBdqDrRTJihTHQrO6Dq
6TodWdTSDfzwgYynTZSvJn,https://api.spotify.com/v1/tracks/6TodWdTSDfzwgYynTZSvJn,Midsummer Madness,1AhjOkOLkbHUfcHDSErXQs
0fX4oNGBWO3dSGUZcVdVV2,https://api.spotify.com/v1/tracks/0fX4oNGBWO3dSGUZcVdVV2,N95,2YZyLoL8N0Wb9xBt1NhZWg
2g6tReTlM2Akp41g0HaeXN,https://api.spotify.com/v1/tracks/2g6tReTlM2Akp41g0HaeXN,Die Hard,2YZyLoL8N0Wb9xBt1NhZWg
7KXjTSCq5nL1LoYtL7XAwS,https://api.spotify.com/v1/tracks/7KXjTSCq5nL1LoYtL7XAwS,HUMBLE.,2YZyLoL8N0Wb9xBt1NhZWg
3GCdLUSnKSMJhs4Tj6CV3s,https://api.spotify.com/v1/tracks/3GCdLUSnKSMJhs4Tj6CV3s,All The Stars (with SZA),2YZyLoL8N0Wb9xBt1NhZWg
6PGoSes0D9eUDeeAafB2As,https://api.spotify.com/v1/tracks/6PGoSes0D9eUDeeAafB2As,LOVE. FEAT. ZACARI.,2YZyLoL8N0Wb9xBt1NhZWg
1QPreu0BNOrUfEb8HTd2qG,https://api.spotify.com/v1/tracks/1QPreu0BNOrUfEb8HTd2qG,Rich Spirit,2YZyLoL8N0Wb9xBt1NhZWg
6IZvVAP7VPPnsGX6bvgkqg,https://api.spotify.com/v1/tracks/6IZvVAP7VPPnsGX6bvgkqg,PRIDE.,2YZyLoL8N0Wb9xBt1NhZWg
3lzUeaCbcCDB5IXYfqWRlF,https://api.spotify.com/v1/tracks/3lzUeaCbcCDB5IXYfqWRlF,Silent Hill,2YZyLoL8N0Wb9xBt1NhZWg
6HZILIRieu8S0iqY8kIKhj,https://api.spotify.com/v1/tracks/6HZILIRieu8S0iqY8kIKhj,DNA.,2YZyLoL8N0Wb9xBt1NhZWg
13tJ9Mkj7cjXxrTjOh0LAN,https://api.spotify.com/v1/tracks/13tJ9Mkj7cjXxrTjOh0LAN,關於小熊,3Xp3DA50zRP4TYOtNR7k1T
10EbcvamEVm3t32nUj8lX1,https://api.spotify.com/v1/tracks/10EbcvamEVm3t32nUj8lX1,收斂水,3Xp3DA50zRP4TYOtNR7k1T
2PkWIxSiFjTiCUZrtDWqoz,https://api.spotify.com/v1/tracks/2PkWIxSiFjTiCUZrtDWqoz,偷偷,3Xp3DA50zRP4TYOtNR7k1T
6i2oWpLh1Bt8F5BVaiyHmr,https://api.spotify.com/v1/tracks/6i2oWpLh1Bt8F5BVaiyHmr,史詩,3Xp3DA50zRP4TYOtNR7k1T
3dBd4ZCkpr1NPOaTXSZY3W,https://api.spotify.com/v1/tracks/3dBd4ZCkpr1NPOaTXSZY3W,過程,3Xp3DA50zRP4TYOtNR7k1T
7Mlo3IR7Vz6GDrC9733KRz,https://api.spotify.com/v1/tracks/7Mlo3IR7Vz6GDrC9733KRz,I Want You,3Xp3DA50zRP4TYOtNR7k1T
49gm0W9gCb9dSaFZQYJQsh,https://api.spotify.com/v1/tracks/49gm0W9gCb9dSaFZQYJQsh,Hit the Rhyme,3Xp3DA50zRP4TYOtNR7k1T
6GmRxBfE68sxJBRcMsKvtU,https://api.spotify.com/v1/tracks/6GmRxBfE68sxJBRcMsKvtU,噓,3Xp3DA50zRP4TYOtNR7k1T
300O5aB8IWTCGL2xIfx2xq,https://api.spotify.com/v1/tracks/300O5aB8IWTCGL2xIfx2xq,少年維持著煩惱,3Xp3DA50zRP4TYOtNR7k1T
4UG2Fm0E98LhE2dlNxiAXx,https://api.spotify.com/v1/tracks/4UG2Fm0E98LhE2dlNxiAXx,this is what falling in love feels like,164Uj4eKjl6zTBKfJLFKKK
6GD1eomgaGT1Epto6Q5eAo,https://api.spotify.com/v1/tracks/6GD1eomgaGT1Epto6Q5eAo,golden hour,164Uj4eKjl6zTBKfJLFKKK
33aLws184a7SVqraKuDqI3,https://api.spotify.com/v1/tracks/33aLws184a7SVqraKuDqI3,this is what heartbreak feels like,164Uj4eKjl6zTBKfJLFKKK
60DkG4mCA52rUUXz0F0wNi,https://api.spotify.com/v1/tracks/60DkG4mCA52rUUXz0F0wNi,this is what falling in love feels like - Leon Leiden Remix,164Uj4eKjl6zTBKfJLFKKK
5TpvLkESnw1g9wDz52efeO,https://api.spotify.com/v1/tracks/5TpvLkESnw1g9wDz52efeO,Upside Down,164Uj4eKjl6zTBKfJLFKKK
4UN1cxXIlQhmOWXhEkrBqu,https://api.spotify.com/v1/tracks/4UN1cxXIlQhmOWXhEkrBqu,anxiety.,164Uj4eKjl6zTBKfJLFKKK
1oUisglJjlTLsSd9OFqSf2,https://api.spotify.com/v1/tracks/1oUisglJjlTLsSd9OFqSf2,this is what falling in love feels like - R3HAB Remix,164Uj4eKjl6zTBKfJLFKKK
4ObQ0m7VUtrgdEwpFeCKua,https://api.spotify.com/v1/tracks/4ObQ0m7VUtrgdEwpFeCKua,"12 Songs, Op. 21: V. Lilacs (Transcr. Rachmaninoff for Solo Piano)",0Kekt6CKSo0m5mivKcoH51
4rrrn8OLrttq7r9RgNXalU,https://api.spotify.com/v1/tracks/4rrrn8OLrttq7r9RgNXalU,"Piano Concerto No. 2 in C Minor, Op. 18: 2. Adagio sostenuto",0Kekt6CKSo0m5mivKcoH51
0wZMPhztIsuwSjCo6OalWe,https://api.spotify.com/v1/tracks/0wZMPhztIsuwSjCo6OalWe,"Zdes' khorosho ('How Fair This Spot'), Op. 21, No. 7",0Kekt6CKSo0m5mivKcoH51
419qlOGNXoyICx4jO0hqaj,https://api.spotify.com/v1/tracks/419qlOGNXoyICx4jO0hqaj,"Rhapsody on a Theme of Paganini, Op. 43: Variation No. 18 Andante cantabile",0Kekt6CKSo0m5mivKcoH51
0H3JiNc4CGnFVwMqWvACmO,https://api.spotify.com/v1/tracks/0H3JiNc4CGnFVwMqWvACmO,"Vocalise, Op.34, No.14",0Kekt6CKSo0m5mivKcoH51
1faDVN6hdbj0rQXOP5Cflf,https://api.spotify.com/v1/tracks/1faDVN6hdbj0rQXOP5Cflf,"Rachmaninov: Rhapsody on a Theme of Paganini, Op. 43: Variation XVIII. Andante cantabile",0Kekt6CKSo0m5mivKcoH51
7EcjtjNYDhQ82yCQZU0Z9C,https://api.spotify.com/v1/tracks/7EcjtjNYDhQ82yCQZU0Z9C,"Rhapsody On a Theme of Paganini, Op. 43: V. Variation XVIII",0Kekt6CKSo0m5mivKcoH51
2buQqAGeQDkkUySsKyoDQJ,https://api.spotify.com/v1/tracks/2buQqAGeQDkkUySsKyoDQJ,"Preghiera (Arr. by Fritz Kreisler from Piano Concerto No. 2 in C Minor, Op. 18, 2nd Movement)",0Kekt6CKSo0m5mivKcoH51
76tGvMdmFKuiMew33ZNNA9,https://api.spotify.com/v1/tracks/76tGvMdmFKuiMew33ZNNA9,Lover Is a Day,2Tglaf8nvDzwSQnpSrjLHP
3oyf4dalm17kzTE8LJDbgR,https://api.spotify.com/v1/tracks/3oyf4dalm17kzTE8LJDbgR,Lo Que Siento,2Tglaf8nvDzwSQnpSrjLHP
7qBT9qcbtkLqrfm9LiTNB4,https://api.spotify.com/v1/tracks/7qBT9qcbtkLqrfm9LiTNB4,Piel Canela,2Tglaf8nvDzwSQnpSrjLHP
3kEsMLO3qUUwiXeCndsMIb,https://api.spotify.com/v1/tracks/3kEsMLO3qUUwiXeCndsMIb,Bossa No Sé (feat. Jean Carter),2Tglaf8nvDzwSQnpSrjLHP
6VZg3YsN5kKBwz39fPcIM1,https://api.spotify.com/v1/tracks/6VZg3YsN5kKBwz39fPcIM1,Amor de Siempre,2Tglaf8nvDzwSQnpSrjLHP
6zHyWsqTzT6Fympdy9KQDQ,https://api.spotify.com/v1/tracks/6zHyWsqTzT6Fympdy9KQDQ,Dontmakemefallinlove,2Tglaf8nvDzwSQnpSrjLHP
1Cx5pTBRWI67JXVmMGJT23,https://api.spotify.com/v1/tracks/1Cx5pTBRWI67JXVmMGJT23,Sitting In The Corner (feat. Adriel Favela & Kacey Musgraves),2Tglaf8nvDzwSQnpSrjLHP
3hMvsYZjU1pFH0xoywKXA9,https://api.spotify.com/v1/tracks/3hMvsYZjU1pFH0xoywKXA9,Do Better,2Tglaf8nvDzwSQnpSrjLHP
7t5MUcFIIayP1M6TNhtWE0,https://api.spotify.com/v1/tracks/7t5MUcFIIayP1M6TNhtWE0,Summer Time High Time,2Tglaf8nvDzwSQnpSrjLHP
1I4lCSP69P74nU3a6Su5L2,https://api.spotify.com/v1/tracks/1I4lCSP69P74nU3a6Su5L2,Jiggle Jiggle,3jNm5wvIx1eR5NDdXhMkNV
332xSCN5xTnJYnuyobZmy7,https://api.spotify.com/v1/tracks/332xSCN5xTnJYnuyobZmy7,Jiggle Jiggle (Jason Derulo x Duke & Jones x Louis Theroux x Amelia Dimz),07YZf4WDAMNwqr4jfgOZ8y
6s4T0UEJs5kX6EsEjvfXpw,https://api.spotify.com/v1/tracks/6s4T0UEJs5kX6EsEjvfXpw,Trenches,3jNm5wvIx1eR5NDdXhMkNV
1fMh032FtBwJDk1iGurH9Y,https://api.spotify.com/v1/tracks/1fMh032FtBwJDk1iGurH9Y,This Could Be - Chill Mix,3jNm5wvIx1eR5NDdXhMkNV
0XGR13jGzZ68T6R0PVmQFH,https://api.spotify.com/v1/tracks/0XGR13jGzZ68T6R0PVmQFH,Jiggle Jiggle - Kideko Remix,3jNm5wvIx1eR5NDdXhMkNV
6LKpiaIF8jCAGj8W96WNQr,https://api.spotify.com/v1/tracks/6LKpiaIF8jCAGj8W96WNQr,Above The Tide,3jNm5wvIx1eR5NDdXhMkNV
7jcP7f7Gol3IS01nfj7zbG,https://api.spotify.com/v1/tracks/7jcP7f7Gol3IS01nfj7zbG,Active,3jNm5wvIx1eR5NDdXhMkNV
6CGfrHc7vZErPVKO12Coj6,https://api.spotify.com/v1/tracks/6CGfrHc7vZErPVKO12Coj6,Vertigo,3jNm5wvIx1eR5NDdXhMkNV
31tf1qEai5o5f4r66Kd0pU,https://api.spotify.com/v1/tracks/31tf1qEai5o5f4r66Kd0pU,Me and Your Mama,73sIBHcqh3Z3NyqHKZ7FOL
0wXuerDYiBnERgIpbb3JBR,https://api.spotify.com/v1/tracks/0wXuerDYiBnERgIpbb3JBR,Redbone,73sIBHcqh3Z3NyqHKZ7FOL
2ZltjIqztEpZtafc8w0I9t,https://api.spotify.com/v1/tracks/2ZltjIqztEpZtafc8w0I9t,3005,73sIBHcqh3Z3NyqHKZ7FOL
0mCVNGC4Vvb6gDDQrDpaRh,https://api.spotify.com/v1/tracks/0mCVNGC4Vvb6gDDQrDpaRh,Les,73sIBHcqh3Z3NyqHKZ7FOL
7p4vHnYXkxlzvfePJVpcTr,https://api.spotify.com/v1/tracks/7p4vHnYXkxlzvfePJVpcTr,Feels Like Summer,73sIBHcqh3Z3NyqHKZ7FOL
3WWAvWDBQANpJeNbvVbjMg,https://api.spotify.com/v1/tracks/3WWAvWDBQANpJeNbvVbjMg,Heartbeat,73sIBHcqh3Z3NyqHKZ7FOL
799f6Ih1Pu4AUApMyXhxUc,https://api.spotify.com/v1/tracks/799f6Ih1Pu4AUApMyXhxUc,Bonfire,73sIBHcqh3Z3NyqHKZ7FOL
5NhlpQ6BOIz3S5welptk1W,https://api.spotify.com/v1/tracks/5NhlpQ6BOIz3S5welptk1W,Sober,73sIBHcqh3Z3NyqHKZ7FOL
0b9oOr2ZgvyQu88wzixux9,https://api.spotify.com/v1/tracks/0b9oOr2ZgvyQu88wzixux9,This Is America,73sIBHcqh3Z3NyqHKZ7FOL
4kgKjHMIDWri9XHjyxSbpy,https://api.spotify.com/v1/tracks/4kgKjHMIDWri9XHjyxSbpy,Same Old Ways,2tAqnHDAgnGtjnlzyoa38L
01HGXW27UXeMWa8Eglzgcf,https://api.spotify.com/v1/tracks/01HGXW27UXeMWa8Eglzgcf,NORTHSIDE,2tAqnHDAgnGtjnlzyoa38L
7ceXCl3ndsTFrH60P1c0io,https://api.spotify.com/v1/tracks/7ceXCl3ndsTFrH60P1c0io,Trust Nobody,2tAqnHDAgnGtjnlzyoa38L
1xXk9IMrUPwqpOXXTk7sCt,https://api.spotify.com/v1/tracks/1xXk9IMrUPwqpOXXTk7sCt,Tried Up,2tAqnHDAgnGtjnlzyoa38L
7sdWbnUGRzpWJmupEpXJiP,https://api.spotify.com/v1/tracks/7sdWbnUGRzpWJmupEpXJiP,Talk Quiet,2tAqnHDAgnGtjnlzyoa38L
7FSaklAKEXjV6HCoOhFDYR,https://api.spotify.com/v1/tracks/7FSaklAKEXjV6HCoOhFDYR,All I Can Say,2tAqnHDAgnGtjnlzyoa38L
3reHllSvAJyGwahWW4pdju,https://api.spotify.com/v1/tracks/3reHllSvAJyGwahWW4pdju,This Town,2tAqnHDAgnGtjnlzyoa38L
4W1HsvmcGtusNPyqdVOqaV,https://api.spotify.com/v1/tracks/4W1HsvmcGtusNPyqdVOqaV,Better,2tAqnHDAgnGtjnlzyoa38L
0jJOVtwAT6gpldYt3p6KhE,https://api.spotify.com/v1/tracks/0jJOVtwAT6gpldYt3p6KhE,Wire,2tAqnHDAgnGtjnlzyoa38L
4iJyoBOLtHqaGxP12qzhQI,https://api.spotify.com/v1/tracks/4iJyoBOLtHqaGxP12qzhQI,Peaches (feat. Daniel Caesar & Giveon),1uNFoZAHBGtllmzznpCI3s
3FAJ6O0NOHQV8Mc5Ri6ENp,https://api.spotify.com/v1/tracks/3FAJ6O0NOHQV8Mc5Ri6ENp,Heartbreak Anniversary,4fxd5Ee7UefO4CUXgwJ7IP
6TSO4hwz9WGrEUY7ABGVim,https://api.spotify.com/v1/tracks/6TSO4hwz9WGrEUY7ABGVim,Lost Me,4fxd5Ee7UefO4CUXgwJ7IP
6qBFSepqLCuh5tehehc1bd,https://api.spotify.com/v1/tracks/6qBFSepqLCuh5tehehc1bd,Like I Want You,4fxd5Ee7UefO4CUXgwJ7IP
1TlTzdsEpgfsmbuNfYmWfG,https://api.spotify.com/v1/tracks/1TlTzdsEpgfsmbuNfYmWfG,For Tonight,4fxd5Ee7UefO4CUXgwJ7IP
5PSYn0XVImstXPFFDtajEK,https://api.spotify.com/v1/tracks/5PSYn0XVImstXPFFDtajEK,Scarred,4fxd5Ee7UefO4CUXgwJ7IP
7r1MqPAD09w24mCUUbxiCI,https://api.spotify.com/v1/tracks/7r1MqPAD09w24mCUUbxiCI,Make You Mine,4fxd5Ee7UefO4CUXgwJ7IP
6I3mqTwhRpn34SLVafSH7G,https://api.spotify.com/v1/tracks/6I3mqTwhRpn34SLVafSH7G,Ghost,1uNFoZAHBGtllmzznpCI3s
50kpGaPAhYJ3sGmk6vplg0,https://api.spotify.com/v1/tracks/50kpGaPAhYJ3sGmk6vplg0,Love Yourself,1uNFoZAHBGtllmzznpCI3s
6epn3r7S14KUqlReYr77hA,https://api.spotify.com/v1/tracks/6epn3r7S14KUqlReYr77hA,Baby,1uNFoZAHBGtllmzznpCI3s
09CtPGIpYB4BrO8qb1RGsF,https://api.spotify.com/v1/tracks/09CtPGIpYB4BrO8qb1RGsF,Sorry,1uNFoZAHBGtllmzznpCI3s
1nahzW3kfMuwReTka28tH5,https://api.spotify.com/v1/tracks/1nahzW3kfMuwReTka28tH5,Hold On,1uNFoZAHBGtllmzznpCI3s
2JHHXGSC6Ra3IJOBNLbhS6,https://api.spotify.com/v1/tracks/2JHHXGSC6Ra3IJOBNLbhS6,FREEDOM,0eRbECAGCLLiTyVXPBRexU
1XmdReQRsXwlXs62EELp5S,https://api.spotify.com/v1/tracks/1XmdReQRsXwlXs62EELp5S,"It's All Right - From ""Soul""/Soundtrack Version",0eRbECAGCLLiTyVXPBRexU
0zZxNUuYI4mIjhA6OE6amf,https://api.spotify.com/v1/tracks/0zZxNUuYI4mIjhA6OE6amf,I NEED YOU,0eRbECAGCLLiTyVXPBRexU
7uYpvX8Gb7CUubdJcRt8E0,https://api.spotify.com/v1/tracks/7uYpvX8Gb7CUubdJcRt8E0,Sweet - Single Edit,0eRbECAGCLLiTyVXPBRexU
5EqHA3fTPCSLJDtUIqQySl,https://api.spotify.com/v1/tracks/5EqHA3fTPCSLJDtUIqQySl,CRY,0eRbECAGCLLiTyVXPBRexU
2xsqmGbhmZwsQMboHQ9jca,https://api.spotify.com/v1/tracks/2xsqmGbhmZwsQMboHQ9jca,ADULTHOOD,0eRbECAGCLLiTyVXPBRexU
6x9CsGaWqqtaggNYelyWO5,https://api.spotify.com/v1/tracks/6x9CsGaWqqtaggNYelyWO5,SING,0eRbECAGCLLiTyVXPBRexU
6XWBDQ4urerE3ekhoYdnT4,https://api.spotify.com/v1/tracks/6XWBDQ4urerE3ekhoYdnT4,It's All Right,0eRbECAGCLLiTyVXPBRexU
7GNRUsU3M4XNDDB9xle5Dz,https://api.spotify.com/v1/tracks/7GNRUsU3M4XNDDB9xle5Dz,That That (prod. & feat. SUGA of BTS),2dd5mrQZvg6SmahdgVKDzh
03UrZgTINDqvnUMbbIMhql,https://api.spotify.com/v1/tracks/03UrZgTINDqvnUMbbIMhql,Gangnam Style (강남스타일),2dd5mrQZvg6SmahdgVKDzh
1eMVXXpNPEUdFRy5ZH7FpM,https://api.spotify.com/v1/tracks/1eMVXXpNPEUdFRy5ZH7FpM,DADDY,2dd5mrQZvg6SmahdgVKDzh
5JlfrE9buCY1AB18sO5IdG,https://api.spotify.com/v1/tracks/5JlfrE9buCY1AB18sO5IdG,Gentleman,2dd5mrQZvg6SmahdgVKDzh
25YgkxnU4UzEG4ORni69Rw,https://api.spotify.com/v1/tracks/25YgkxnU4UzEG4ORni69Rw,New Face,2dd5mrQZvg6SmahdgVKDzh
5INgNRiLfTyTGTXt3eIr2r,https://api.spotify.com/v1/tracks/5INgNRiLfTyTGTXt3eIr2r,GANJI (feat. Jessi),2dd5mrQZvg6SmahdgVKDzh
3OLrkewJ2oQ1MQjUdEDfY5,https://api.spotify.com/v1/tracks/3OLrkewJ2oQ1MQjUdEDfY5,Celeb,2dd5mrQZvg6SmahdgVKDzh
77agEdLYGWCAhSmwtkPlCs,https://api.spotify.com/v1/tracks/77agEdLYGWCAhSmwtkPlCs,Now (feat. Hwa Sa),2dd5mrQZvg6SmahdgVKDzh
0sEWGO1ajAmgln6B4lkuKb,https://api.spotify.com/v1/tracks/0sEWGO1ajAmgln6B4lkuKb,I LUV IT,2dd5mrQZvg6SmahdgVKDzh
4Dvkj6JhhA12EX05fT7y2e,https://api.spotify.com/v1/tracks/4Dvkj6JhhA12EX05fT7y2e,As It Was,6KImCVD70vtIoJWnq6nGn3
1qEmFfgcLObUfQm0j1W2CK,https://api.spotify.com/v1/tracks/1qEmFfgcLObUfQm0j1W2CK,Late Night Talking,6KImCVD70vtIoJWnq6nGn3
6UelLqGlWMcVH1E5c4H7lY,https://api.spotify.com/v1/tracks/6UelLqGlWMcVH1E5c4H7lY,Watermelon Sugar,6KImCVD70vtIoJWnq6nGn3
5LYMamLv12UPbemOaTPyeV,https://api.spotify.com/v1/tracks/5LYMamLv12UPbemOaTPyeV,Music For a Sushi Restaurant,6KImCVD70vtIoJWnq6nGn3
6uvh0In7u1Xn4HgxOfAn8O,https://api.spotify.com/v1/tracks/6uvh0In7u1Xn4HgxOfAn8O,Matilda,6KImCVD70vtIoJWnq6nGn3
51Zw1cKDgkad0CXv23HCMU,https://api.spotify.com/v1/tracks/51Zw1cKDgkad0CXv23HCMU,Daylight,6KImCVD70vtIoJWnq6nGn3
3jjujdWJ72nww5eGnfs2E7,https://api.spotify.com/v1/tracks/3jjujdWJ72nww5eGnfs2E7,Adore You,6KImCVD70vtIoJWnq6nGn3
3i058E8uxTsYqJ5NWZzqSj,https://api.spotify.com/v1/tracks/3i058E8uxTsYqJ5NWZzqSj,Little Freak,6KImCVD70vtIoJWnq6nGn3
0rzaRSujxA0bKyjJl6vHYq,https://api.spotify.com/v1/tracks/0rzaRSujxA0bKyjJl6vHYq,Satellite,6KImCVD70vtIoJWnq6nGn3
68Dni7IE4VyPkTOH9mRWHr,https://api.spotify.com/v1/tracks/68Dni7IE4VyPkTOH9mRWHr,No Role Modelz,6l3HvQ5sa6mXTsMTB19rO5
4tqcoej1zPvwePZCzuAjJd,https://api.spotify.com/v1/tracks/4tqcoej1zPvwePZCzuAjJd,Wet Dreamz,6l3HvQ5sa6mXTsMTB19rO5
0Fs9cdPDhptWEDJmiCbkEW,https://api.spotify.com/v1/tracks/0Fs9cdPDhptWEDJmiCbkEW,She Knows (feat. Amber Coffman & Cults),6l3HvQ5sa6mXTsMTB19rO5
2wAJTrFhCnQyNSD3oUgTZO,https://api.spotify.com/v1/tracks/2wAJTrFhCnQyNSD3oUgTZO,Work Out,6l3HvQ5sa6mXTsMTB19rO5
2JvzF1RMd7lE3KmFlsyZD8,https://api.spotify.com/v1/tracks/2JvzF1RMd7lE3KmFlsyZD8,MIDDLE CHILD,6l3HvQ5sa6mXTsMTB19rO5
5W8jRrZ6tWrTrqnKRtIQBf,https://api.spotify.com/v1/tracks/5W8jRrZ6tWrTrqnKRtIQBf,p r i d e . i s . t h e . d e v i l (with Lil Baby),6l3HvQ5sa6mXTsMTB19rO5
1D3z6HTiQsNmZxjl7F7eoG,https://api.spotify.com/v1/tracks/1D3z6HTiQsNmZxjl7F7eoG,m y . l i f e (with 21 Savage & Morray),6l3HvQ5sa6mXTsMTB19rO5
2uwnP6tZVVmTovzX5ELooy,https://api.spotify.com/v1/tracks/2uwnP6tZVVmTovzX5ELooy,Power Trip (feat. Miguel),6l3HvQ5sa6mXTsMTB19rO5
3eJH2nAjvNXdmPfBkALiPZ,https://api.spotify.com/v1/tracks/3eJH2nAjvNXdmPfBkALiPZ,Acapulco,07YZf4WDAMNwqr4jfgOZ8y
59qrUpoplZxbIZxk6X0Bm3,https://api.spotify.com/v1/tracks/59qrUpoplZxbIZxk6X0Bm3,Take You Dancing,07YZf4WDAMNwqr4jfgOZ8y
6kex4EBAj0WHXDKZMEJaaF,https://api.spotify.com/v1/tracks/6kex4EBAj0WHXDKZMEJaaF,Swalla (feat. Nicki Minaj & Ty Dolla $ign),07YZf4WDAMNwqr4jfgOZ8y
7oGZAicScQt96OAW4AruYy,https://api.spotify.com/v1/tracks/7oGZAicScQt96OAW4AruYy,Want to Want Me,07YZf4WDAMNwqr4jfgOZ8y
4Lt6GXGzYsa1tgkv3nGSTm,https://api.spotify.com/v1/tracks/4Lt6GXGzYsa1tgkv3nGSTm,Love Not War (The Tampa Beat),07YZf4WDAMNwqr4jfgOZ8y
312A8WfROSLvZbMDHBUPDp,https://api.spotify.com/v1/tracks/312A8WfROSLvZbMDHBUPDp,Fit but You Know It,4GvOygVQquMaPm8oAc0vXi
35zEswqAFI1D41cmoBXOFK,https://api.spotify.com/v1/tracks/35zEswqAFI1D41cmoBXOFK,Has It Come to This?,4GvOygVQquMaPm8oAc0vXi
6DoenX36UcAKSp6wR9UKxM,https://api.spotify.com/v1/tracks/6DoenX36UcAKSp6wR9UKxM,Blinded by the Lights,4GvOygVQquMaPm8oAc0vXi
5UjccMIJkNhont0TGSU0iD,https://api.spotify.com/v1/tracks/5UjccMIJkNhont0TGSU0iD,Take Me As I Am,4GvOygVQquMaPm8oAc0vXi
3PEx44by2Pe7E6M8tgqE5N,https://api.spotify.com/v1/tracks/3PEx44by2Pe7E6M8tgqE5N,Dry Your Eyes,4GvOygVQquMaPm8oAc0vXi
2phF2CRhoSnpJUxxvHUf8Z,https://api.spotify.com/v1/tracks/2phF2CRhoSnpJUxxvHUf8Z,Don't Mug Yourself,4GvOygVQquMaPm8oAc0vXi
49BeIQzb05PWsS2YfSt87Q,https://api.spotify.com/v1/tracks/49BeIQzb05PWsS2YfSt87Q,Brexit at Tiffany's,4GvOygVQquMaPm8oAc0vXi
4aHi701FKuFYj7QSeSEftV,https://api.spotify.com/v1/tracks/4aHi701FKuFYj7QSeSEftV,Wrong Answers Only,4GvOygVQquMaPm8oAc0vXi
42F4K181FFdhkbDAaoxDye,https://api.spotify.com/v1/tracks/42F4K181FFdhkbDAaoxDye,Turn the Page,4GvOygVQquMaPm8oAc0vXi
4rCuwgRRKaIiHlHDc8Bga6,https://api.spotify.com/v1/tracks/4rCuwgRRKaIiHlHDc8Bga6,We Might Even Be Falling In Love (Interlude),63XBtGSEZINSyXylZxEUbv
1IjeGPU5hqHlJpm00zObN7,https://api.spotify.com/v1/tracks/1IjeGPU5hqHlJpm00zObN7,Coastin’,63XBtGSEZINSyXylZxEUbv
6rSUrh8ErKSKfbH0t0IzCM,https://api.spotify.com/v1/tracks/6rSUrh8ErKSKfbH0t0IzCM,Moment,63XBtGSEZINSyXylZxEUbv
0iDuW211AjTsYDPsLxyqX4,https://api.spotify.com/v1/tracks/0iDuW211AjTsYDPsLxyqX4,F.U.C.K.,63XBtGSEZINSyXylZxEUbv
2oap3QptGISyIvwKpnJJId,https://api.spotify.com/v1/tracks/2oap3QptGISyIvwKpnJJId,Experience,63XBtGSEZINSyXylZxEUbv
6YQmDvj6XVAKSPLzjjLrFj,https://api.spotify.com/v1/tracks/6YQmDvj6XVAKSPLzjjLrFj,Ass Like That,63XBtGSEZINSyXylZxEUbv
7EuktT4CgA637ci366IrYW,https://api.spotify.com/v1/tracks/7EuktT4CgA637ci366IrYW,Big Boss (Interlude),63XBtGSEZINSyXylZxEUbv
6mnnWzRl1C6LABvoUar9tF,https://api.spotify.com/v1/tracks/6mnnWzRl1C6LABvoUar9tF,Jaguar,63XBtGSEZINSyXylZxEUbv
3YJJjQPAbDT7mGpX3WtQ9A,https://api.spotify.com/v1/tracks/3YJJjQPAbDT7mGpX3WtQ9A,Good Days,7tYKF4w9nC0nq9CsPZTHyP
5dXWFMwD7I7zXsInONVl0H,https://api.spotify.com/v1/tracks/5dXWFMwD7I7zXsInONVl0H,I Hate U,7tYKF4w9nC0nq9CsPZTHyP
2fXwCWkh6YG5zU1IyvQrbs,https://api.spotify.com/v1/tracks/2fXwCWkh6YG5zU1IyvQrbs,Broken Clocks,7tYKF4w9nC0nq9CsPZTHyP
0q75NwOoFiARAVp4EXU4Bs,https://api.spotify.com/v1/tracks/0q75NwOoFiARAVp4EXU4Bs,Love Galore (feat. Travis Scott),7tYKF4w9nC0nq9CsPZTHyP
6gU9OKjOE7ghfEd55oRO57,https://api.spotify.com/v1/tracks/6gU9OKjOE7ghfEd55oRO57,The Weekend,7tYKF4w9nC0nq9CsPZTHyP
0P6AWOA4LG1XOctzaVu5tt,https://api.spotify.com/v1/tracks/0P6AWOA4LG1XOctzaVu5tt,The Weekend - Funk Wav Remix,7tYKF4w9nC0nq9CsPZTHyP
73eCSQ1DxQbaOnzy8PhKx3,https://api.spotify.com/v1/tracks/73eCSQ1DxQbaOnzy8PhKx3,就是愛妳,40tNK2YedBV2jRFAHxpifB
3OXHwY8gI2QUh0QliXBwrI,https://api.spotify.com/v1/tracks/3OXHwY8gI2QUh0QliXBwrI,"愛, 很簡單",40tNK2YedBV2jRFAHxpifB
13bw75oRjvxMv9VGIeM32i,https://api.spotify.com/v1/tracks/13bw75oRjvxMv9VGIeM32i,愛我還是他,40tNK2YedBV2jRFAHxpifB
7CTitzr4eVIDCPUJi5Dr4B,https://api.spotify.com/v1/tracks/7CTitzr4eVIDCPUJi5Dr4B,普通朋友,40tNK2YedBV2jRFAHxpifB
5ZZwQy1wofQhj7LJDNLflT,https://api.spotify.com/v1/tracks/5ZZwQy1wofQhj7LJDNLflT,流沙,40tNK2YedBV2jRFAHxpifB
6A4wVKbcg0mRriCFjZzX0Z,https://api.spotify.com/v1/tracks/6A4wVKbcg0mRriCFjZzX0Z,Melody,40tNK2YedBV2jRFAHxpifB
0v2hRgvRSMnHsTSWyaoKbH,https://api.spotify.com/v1/tracks/0v2hRgvRSMnHsTSWyaoKbH,飛機場的10:30,40tNK2YedBV2jRFAHxpifB
4rzTxZaFsTXQN54WimO4QU,https://api.spotify.com/v1/tracks/4rzTxZaFsTXQN54WimO4QU,天天,40tNK2YedBV2jRFAHxpifB
2Imxyb3LiuXsDFo7Gq5YDs,https://api.spotify.com/v1/tracks/2Imxyb3LiuXsDFo7Gq5YDs,"Kinderszenen, Op. 15: Träumerei (Arr. Lewin for Guitar)",2UqjDAXnDxejEyE0CzfUrZ
18QVbIw5S0MJHGWF2qLX75,https://api.spotify.com/v1/tracks/18QVbIw5S0MJHGWF2qLX75,"Kinderszenen, Op. 15: No. 7 in F Major, Träumerei",2UqjDAXnDxejEyE0CzfUrZ
4vi9pBR7yJhBzGaNu0k1gj,https://api.spotify.com/v1/tracks/4vi9pBR7yJhBzGaNu0k1gj,"Kinderszenen, Op. 15: No. 1, Von fremden Ländern und Menschen",2UqjDAXnDxejEyE0CzfUrZ
4pfkZUqRCYG5If39QHFpbQ,https://api.spotify.com/v1/tracks/4pfkZUqRCYG5If39QHFpbQ,"Kinderszenen, Op. 15: 1. Von fremden Ländern und Menschen",2UqjDAXnDxejEyE0CzfUrZ
1SkOyiUembPDeyEvFy1p0c,https://api.spotify.com/v1/tracks/1SkOyiUembPDeyEvFy1p0c,"5 Stücke im Volkston, Op. 102: II. Langsam",2UqjDAXnDxejEyE0CzfUrZ
7rrDSYbroZhV6aKkbYxiuG,https://api.spotify.com/v1/tracks/7rrDSYbroZhV6aKkbYxiuG,"Kinderszenen, Op. 15: 7. Träumerei",2UqjDAXnDxejEyE0CzfUrZ
4SbAXtlOJ0eCL0XwFVi0Ij,https://api.spotify.com/v1/tracks/4SbAXtlOJ0eCL0XwFVi0Ij,"Kinderszenen, Op. 15: 7. Träumerei",2UqjDAXnDxejEyE0CzfUrZ
4x6N6LIKIiab4gV4cdbtPZ,https://api.spotify.com/v1/tracks/4x6N6LIKIiab4gV4cdbtPZ,"Kinderszenen, Op. 15: No. 10 Fast zu ernst",2UqjDAXnDxejEyE0CzfUrZ
7Et5YO6MFDDC5XEcwr0nmF,https://api.spotify.com/v1/tracks/7Et5YO6MFDDC5XEcwr0nmF,Crush On You (feat. step.jad),0fyaEHmSmZs2YWMgbruITA
3zemDQh2rewuC7FBsnmFa4,https://api.spotify.com/v1/tracks/3zemDQh2rewuC7FBsnmFa4,Flow Guilty,0fyaEHmSmZs2YWMgbruITA
5iC7FWLjwoQkiLrB2ogP3S,https://api.spotify.com/v1/tracks/5iC7FWLjwoQkiLrB2ogP3S,Coco Elva Tia,0fyaEHmSmZs2YWMgbruITA
0dcu0aHSFqG0AZqXBOoS3A,https://api.spotify.com/v1/tracks/0dcu0aHSFqG0AZqXBOoS3A,Amsterdam (feat. KnowKnow),0fyaEHmSmZs2YWMgbruITA
7Hp29LdH3DaCi9dr6nV2SY,https://api.spotify.com/v1/tracks/7Hp29LdH3DaCi9dr6nV2SY,Prince Charming,0fyaEHmSmZs2YWMgbruITA
56ch3HiQ8wrxelRBG0J8nx,https://api.spotify.com/v1/tracks/56ch3HiQ8wrxelRBG0J8nx,欺骗游戏,0fyaEHmSmZs2YWMgbruITA
4hcmFGK2xwPmYVUeZoHvfD,https://api.spotify.com/v1/tracks/4hcmFGK2xwPmYVUeZoHvfD,22’ Freestyle,0fyaEHmSmZs2YWMgbruITA
33GpgThxG1t0JvmD8vOTs3,https://api.spotify.com/v1/tracks/33GpgThxG1t0JvmD8vOTs3,Different Flow,0fyaEHmSmZs2YWMgbruITA
3jEqrIfwKO0M8ALu3TGilF,https://api.spotify.com/v1/tracks/3jEqrIfwKO0M8ALu3TGilF,Like You (feat. Ciara),7352aRY2mqSxBZwzUb6LmA
4GtvQ52U6f9LGkwjAqL60e,https://api.spotify.com/v1/tracks/4GtvQ52U6f9LGkwjAqL60e,Ain't Thinkin' 'Bout You,7352aRY2mqSxBZwzUb6LmA
6oUGAx0vkBcnGzYkvw0ZsA,https://api.spotify.com/v1/tracks/6oUGAx0vkBcnGzYkvw0ZsA,Shortie Like Mine (feat. Chris Brown & Johntá Austin),7352aRY2mqSxBZwzUb6LmA
1oNToERLIN71YCPLbRIQGQ,https://api.spotify.com/v1/tracks/1oNToERLIN71YCPLbRIQGQ,Let Me Hold You (feat. Omarion),7352aRY2mqSxBZwzUb6LmA
3LGeYNY9aWQuBJovOOowqm,https://api.spotify.com/v1/tracks/3LGeYNY9aWQuBJovOOowqm,Outta My System (feat. T-Pain & Johntá Austin),7352aRY2mqSxBZwzUb6LmA
2SrXt0JJEX9PfVSZuJ6dqg,https://api.spotify.com/v1/tracks/2SrXt0JJEX9PfVSZuJ6dqg,"Basketball (feat. Jermaine Dupri, Fabolous & Fundisha)",7352aRY2mqSxBZwzUb6LmA
2zcjGIvtu2EKBNquStm1pp,https://api.spotify.com/v1/tracks/2zcjGIvtu2EKBNquStm1pp,You Can Get It All (feat. Johntá Austin) - Album Crossfade Version,7352aRY2mqSxBZwzUb6LmA
3RnLEACttdwU6futFsaflI,https://api.spotify.com/v1/tracks/3RnLEACttdwU6futFsaflI,Bow Wow (That's My Name) (feat. Snoop Dogg),7352aRY2mqSxBZwzUb6LmA
5ZOfHnTDRa9NHCdscBILvn,https://api.spotify.com/v1/tracks/5ZOfHnTDRa9NHCdscBILvn,Fresh Azimiz (feat. J-Kwon & Jermaine Dupri),7352aRY2mqSxBZwzUb6LmA
6rCuplMDiFQVSca77OQocz,https://api.spotify.com/v1/tracks/6rCuplMDiFQVSca77OQocz,All My Girls Like To Fight,74CcYmmNeHKe5PrZaISk8e
3ZptYblxFPhvIJ0RRRozk9,https://api.spotify.com/v1/tracks/3ZptYblxFPhvIJ0RRRozk9,Tiptoeing,74CcYmmNeHKe5PrZaISk8e
13z7RLPmgupzRwQY9NiTZU,https://api.spotify.com/v1/tracks/13z7RLPmgupzRwQY9NiTZU,Cherries,74CcYmmNeHKe5PrZaISk8e
4cTPtlhSo6NDdOe1fXzx1N,https://api.spotify.com/v1/tracks/4cTPtlhSo6NDdOe1fXzx1N,Lovestained,74CcYmmNeHKe5PrZaISk8e
4nReGzidxUxHUZyJSevbsS,https://api.spotify.com/v1/tracks/4nReGzidxUxHUZyJSevbsS,Easy To Love Me,74CcYmmNeHKe5PrZaISk8e
4P5tPq60W4LLYcoXLgWlYx,https://api.spotify.com/v1/tracks/4P5tPq60W4LLYcoXLgWlYx,Crazy,74CcYmmNeHKe5PrZaISk8e
4uvsFVpFwARxx5lEfcpPmM,https://api.spotify.com/v1/tracks/4uvsFVpFwARxx5lEfcpPmM,Mulholland,74CcYmmNeHKe5PrZaISk8e
5CiwHSUDf9C1Uv0r4nUVLd,https://api.spotify.com/v1/tracks/5CiwHSUDf9C1Uv0r4nUVLd,Is It Enough,74CcYmmNeHKe5PrZaISk8e
4JoDBcODOajOx3ZRQlSa7o,https://api.spotify.com/v1/tracks/4JoDBcODOajOx3ZRQlSa7o,Valentine,74CcYmmNeHKe5PrZaISk8e
6XY80Ofqd8j0SGiEdRLwCp,https://api.spotify.com/v1/tracks/6XY80Ofqd8j0SGiEdRLwCp,年少有為,0rTP0x4vRFSDbhtqcCqc8K
4PMakIBWXujbe2MIsuZtOc,https://api.spotify.com/v1/tracks/4PMakIBWXujbe2MIsuZtOc,對等關係 (feat. 張惠妹),0rTP0x4vRFSDbhtqcCqc8K
5DH8nF7aWoXXg5Sm3gjCWD,https://api.spotify.com/v1/tracks/5DH8nF7aWoXXg5Sm3gjCWD,"不將就 (電影""何以笙簫默""片尾曲)",0rTP0x4vRFSDbhtqcCqc8K
65KjitGykI5QIcsYrNhPZR,https://api.spotify.com/v1/tracks/65KjitGykI5QIcsYrNhPZR,戒菸,0rTP0x4vRFSDbhtqcCqc8K
1jcW6AjFWRyfnTXwLlMMlJ,https://api.spotify.com/v1/tracks/1jcW6AjFWRyfnTXwLlMMlJ,李白,0rTP0x4vRFSDbhtqcCqc8K
5s8u5uW7zXvWfes7xh0Gr8,https://api.spotify.com/v1/tracks/5s8u5uW7zXvWfes7xh0Gr8,獲獎人,0rTP0x4vRFSDbhtqcCqc8K
0w4Sf61CbM69gDD7RVmaBD,https://api.spotify.com/v1/tracks/0w4Sf61CbM69gDD7RVmaBD,爸爸媽媽,0rTP0x4vRFSDbhtqcCqc8K
3WiPLRpAhceu2Ssjd3WtTx,https://api.spotify.com/v1/tracks/3WiPLRpAhceu2Ssjd3WtTx,模特,0rTP0x4vRFSDbhtqcCqc8K
3KMozKCYJDSNJ53paNEIXk,https://api.spotify.com/v1/tracks/3KMozKCYJDSNJ53paNEIXk,脫胎換骨,0rTP0x4vRFSDbhtqcCqc8K
2tjh87mXDZJJIKLOpqH97T,https://api.spotify.com/v1/tracks/2tjh87mXDZJJIKLOpqH97T,I don't know,1jdSKlrCsJ5qLsT7YuOiwM
7wKSQwBzevrfI4nsSNGnuM,https://api.spotify.com/v1/tracks/7wKSQwBzevrfI4nsSNGnuM,Mindless,1jdSKlrCsJ5qLsT7YuOiwM
3mJwxIe4I6V9Df1K0jtj9f,https://api.spotify.com/v1/tracks/3mJwxIe4I6V9Df1K0jtj9f,We were beautiful,1jdSKlrCsJ5qLsT7YuOiwM
6Lrp4HqonE16Tt8PDeOHbY,https://api.spotify.com/v1/tracks/6Lrp4HqonE16Tt8PDeOHbY,Potential,1jdSKlrCsJ5qLsT7YuOiwM
2l50cXc43YkybbWCLnb6Ng,https://api.spotify.com/v1/tracks/2l50cXc43YkybbWCLnb6Ng,I wanna be loved (Feat. Lee Jin Ah),1jdSKlrCsJ5qLsT7YuOiwM
0bu4NLSuoYIpTcIvwNYPmz,https://api.spotify.com/v1/tracks/0bu4NLSuoYIpTcIvwNYPmz,I wanna love you,1jdSKlrCsJ5qLsT7YuOiwM
6YJY6jQaRzCPagxyh9Xk5X,https://api.spotify.com/v1/tracks/6YJY6jQaRzCPagxyh9Xk5X,"For you (feat. HEN, Challanhee)",1jdSKlrCsJ5qLsT7YuOiwM
4MZsOR6OHe9vXtAkNM4oaa,https://api.spotify.com/v1/tracks/4MZsOR6OHe9vXtAkNM4oaa,For my family - Inst.,1jdSKlrCsJ5qLsT7YuOiwM
1FdqYUmL94pC7JHkAM4gWS,https://api.spotify.com/v1/tracks/1FdqYUmL94pC7JHkAM4gWS,For my family,1jdSKlrCsJ5qLsT7YuOiwM
7ncPjJBktLEOpstY5JOUMK,https://api.spotify.com/v1/tracks/7ncPjJBktLEOpstY5JOUMK,一途,6wxfx1yhyqjCPYwwxJktR2
6ZiEWet0uFRwWBCEKCQ8rY,https://api.spotify.com/v1/tracks/6ZiEWet0uFRwWBCEKCQ8rY,逆夢,6wxfx1yhyqjCPYwwxJktR2
34PR0zLBVl7VMF9E7dDwdo,https://api.spotify.com/v1/tracks/34PR0zLBVl7VMF9E7dDwdo,雨燦々,6wxfx1yhyqjCPYwwxJktR2
0J0P8iSE6l3pYHbUdNFYdS,https://api.spotify.com/v1/tracks/0J0P8iSE6l3pYHbUdNFYdS,カメレオン,6wxfx1yhyqjCPYwwxJktR2
172fMG26G2OoEzzg0wn26r,https://api.spotify.com/v1/tracks/172fMG26G2OoEzzg0wn26r,白日,6wxfx1yhyqjCPYwwxJktR2
3oQaOjaIYPsnJbGNzXcIID,https://api.spotify.com/v1/tracks/3oQaOjaIYPsnJbGNzXcIID,BOY,6wxfx1yhyqjCPYwwxJktR2
0r2PAeROizyyoFMpu0fvwI,https://api.spotify.com/v1/tracks/0r2PAeROizyyoFMpu0fvwI,Prayer X,6wxfx1yhyqjCPYwwxJktR2
5vsM9UppL2iTgOfenMB6Gz,https://api.spotify.com/v1/tracks/5vsM9UppL2iTgOfenMB6Gz,飛行艇,6wxfx1yhyqjCPYwwxJktR2
7wnOPAiqvIG4dTvEInj0YT,https://api.spotify.com/v1/tracks/7wnOPAiqvIG4dTvEInj0YT,Teenager Forever,6wxfx1yhyqjCPYwwxJktR2
5rWdsfGQLrBoJZ3reBNX91,https://api.spotify.com/v1/tracks/5rWdsfGQLrBoJZ3reBNX91,美梦公司,3kU8TgZ3WouCr0GDkYnPbN
7LmaHiE3xzKS4VdPYD5xyE,https://api.spotify.com/v1/tracks/7LmaHiE3xzKS4VdPYD5xyE,问题,3kU8TgZ3WouCr0GDkYnPbN
5MDwe8eee44VDwjjKRgV9T,https://api.spotify.com/v1/tracks/5MDwe8eee44VDwjjKRgV9T,烂情,3kU8TgZ3WouCr0GDkYnPbN
42niFnw89PAr83wCWxSvOi,https://api.spotify.com/v1/tracks/42niFnw89PAr83wCWxSvOi,形容你,3kU8TgZ3WouCr0GDkYnPbN
5kgDRruR6WtLc7M86paumN,https://api.spotify.com/v1/tracks/5kgDRruR6WtLc7M86paumN,如果太阳落下,3kU8TgZ3WouCr0GDkYnPbN
15lvoKIM83y7mwQoTgsfpS,https://api.spotify.com/v1/tracks/15lvoKIM83y7mwQoTgsfpS,方法论,3kU8TgZ3WouCr0GDkYnPbN
4INIbT3tJ6HErLaJ2SXGvn,https://api.spotify.com/v1/tracks/4INIbT3tJ6HErLaJ2SXGvn,"杭州,利群,你",3kU8TgZ3WouCr0GDkYnPbN
53vkVQdFOWnKjNavGiIQze,https://api.spotify.com/v1/tracks/53vkVQdFOWnKjNavGiIQze,只有一个办法,3kU8TgZ3WouCr0GDkYnPbN
5Y4vRBs4QCUloQ5W9Wb58j,https://api.spotify.com/v1/tracks/5Y4vRBs4QCUloQ5W9Wb58j,Moon Child,5PVlXEAvlt6SfYpWBYTM4C
6z0GP8AOTDIShCXUOw1E3Y,https://api.spotify.com/v1/tracks/6z0GP8AOTDIShCXUOw1E3Y,Sucks to Be Human,5PVlXEAvlt6SfYpWBYTM4C
62bHWlIlUW6fbwBO29h64H,https://api.spotify.com/v1/tracks/62bHWlIlUW6fbwBO29h64H,Amber,5PVlXEAvlt6SfYpWBYTM4C
4LhwCjtntflNklQPJsOL9G,https://api.spotify.com/v1/tracks/4LhwCjtntflNklQPJsOL9G,WKND FRNDS,5PVlXEAvlt6SfYpWBYTM4C
358CD7rg52DY2u4DoYA0Db,https://api.spotify.com/v1/tracks/358CD7rg52DY2u4DoYA0Db,Jacuzzi,5PVlXEAvlt6SfYpWBYTM4C
5ubnEmiVtiHc2bBBTlYzFb,https://api.spotify.com/v1/tracks/5ubnEmiVtiHc2bBBTlYzFb,Trouble in Paradise,5PVlXEAvlt6SfYpWBYTM4C
3SNAA1yO3M14D3tdlKI1hR,https://api.spotify.com/v1/tracks/3SNAA1yO3M14D3tdlKI1hR,Summer in My Lungs,5PVlXEAvlt6SfYpWBYTM4C
37jlSwK5rjIOTvkzAeV21B,https://api.spotify.com/v1/tracks/37jlSwK5rjIOTvkzAeV21B,Easy Bake Easy Wake,5PVlXEAvlt6SfYpWBYTM4C
4rojlzMmY3HlC63dwsKQ0y,https://api.spotify.com/v1/tracks/4rojlzMmY3HlC63dwsKQ0y,Boudoir,5PVlXEAvlt6SfYpWBYTM4C
34JSoBH46szwveT1KsPDvA,https://api.spotify.com/v1/tracks/34JSoBH46szwveT1KsPDvA,Skip,1eDyy2XYcoDiJpzCEIR7bd
4jfEgzf3Oulw0AxeiIQghH,https://api.spotify.com/v1/tracks/4jfEgzf3Oulw0AxeiIQghH,Featuring Uzuhan,1eDyy2XYcoDiJpzCEIR7bd
1iHccThUXUeBl16OuxOrwr,https://api.spotify.com/v1/tracks/1iHccThUXUeBl16OuxOrwr,The Overthinker,1eDyy2XYcoDiJpzCEIR7bd
5v78y5tNIDoyjsKvDIJWXf,https://api.spotify.com/v1/tracks/5v78y5tNIDoyjsKvDIJWXf,100 & Lonely,1eDyy2XYcoDiJpzCEIR7bd
5BjTLbB0gVDs8zMH9idX3z,https://api.spotify.com/v1/tracks/5BjTLbB0gVDs8zMH9idX3z,Say It Now,1eDyy2XYcoDiJpzCEIR7bd
2BLY1hOyCKyoEFstwr7xVk,https://api.spotify.com/v1/tracks/2BLY1hOyCKyoEFstwr7xVk,Pink Palms,1eDyy2XYcoDiJpzCEIR7bd
6fn1APEwH2ylooWHnaCmCr,https://api.spotify.com/v1/tracks/6fn1APEwH2ylooWHnaCmCr,City Lights,1eDyy2XYcoDiJpzCEIR7bd
3sDm3PGMri6aboRavIDinq,https://api.spotify.com/v1/tracks/3sDm3PGMri6aboRavIDinq,Used To It,1eDyy2XYcoDiJpzCEIR7bd
0g2Bbgy7P41pFjMWJuzsf4,https://api.spotify.com/v1/tracks/0g2Bbgy7P41pFjMWJuzsf4,STAYING ALIVE (feat. Drake & Lil Baby),0QHgL1lAIqAw0HtD7YldmP
1EJIcDYXwSqipW5dFe4uJz,https://api.spotify.com/v1/tracks/1EJIcDYXwSqipW5dFe4uJz,EVERY CHANCE I GET (feat. Lil Baby & Lil Durk),0QHgL1lAIqAw0HtD7YldmP
1sbEeUY8KsdvgiQi26JBFz,https://api.spotify.com/v1/tracks/1sbEeUY8KsdvgiQi26JBFz,POPSTAR (feat. Drake),0QHgL1lAIqAw0HtD7YldmP
3gruCKVuhCsRjs3a3dG8CA,https://api.spotify.com/v1/tracks/3gruCKVuhCsRjs3a3dG8CA,GREECE (feat. Drake),0QHgL1lAIqAw0HtD7YldmP
1OAh8uOEOvTDqkKFsKksCi,https://api.spotify.com/v1/tracks/1OAh8uOEOvTDqkKFsKksCi,Wild Thoughts (feat. Rihanna & Bryson Tiller),0QHgL1lAIqAw0HtD7YldmP
3DXncPQOG4VBw3QHh3S817,https://api.spotify.com/v1/tracks/3DXncPQOG4VBw3QHh3S817,"I'm the One (feat. Justin Bieber, Quavo, Chance the Rapper & Lil Wayne)",0QHgL1lAIqAw0HtD7YldmP
20GrahbI4AzAOWxpYfDKkf,https://api.spotify.com/v1/tracks/20GrahbI4AzAOWxpYfDKkf,"I DID IT (feat. Post Malone, Megan Thee Stallion, Lil Baby & DaBaby)",0QHgL1lAIqAw0HtD7YldmP
5FG7Tl93LdH117jEKYl3Cm,https://api.spotify.com/v1/tracks/5FG7Tl93LdH117jEKYl3Cm,Essence (feat. Tems),3tVQdUvClmAT7URs9V3rsp
1MZtr7IH5qtjIkqrXj8WOJ,https://api.spotify.com/v1/tracks/1MZtr7IH5qtjIkqrXj8WOJ,Essence (feat. Justin Bieber & Tems),3tVQdUvClmAT7URs9V3rsp
6jdTkoEaer7XNGSblczoSu,https://api.spotify.com/v1/tracks/6jdTkoEaer7XNGSblczoSu,Mood (feat. Buju),3tVQdUvClmAT7URs9V3rsp
51mLQ3w7yR7vjdSTFLWaY5,https://api.spotify.com/v1/tracks/51mLQ3w7yR7vjdSTFLWaY5,Ginger (feat. Burna Boy),3tVQdUvClmAT7URs9V3rsp
3Yt1ovsh3v3VEzRuhI1TL5,https://api.spotify.com/v1/tracks/3Yt1ovsh3v3VEzRuhI1TL5,Joro,3tVQdUvClmAT7URs9V3rsp
6L68DyIsn6SqEN9rStOXb9,https://api.spotify.com/v1/tracks/6L68DyIsn6SqEN9rStOXb9,Just You,7dOswEYzOtTMECumrZ3NHY
22erAHtusIHAIuIMhHMKhR,https://api.spotify.com/v1/tracks/22erAHtusIHAIuIMhHMKhR,Langit Favoritku,7dOswEYzOtTMECumrZ3NHY
0PZdciSUErxre3yK8gxxeQ,https://api.spotify.com/v1/tracks/0PZdciSUErxre3yK8gxxeQ,Why Would I Be,7dOswEYzOtTMECumrZ3NHY
6w0O9gshUWmVPGG4w0tr4B,https://api.spotify.com/v1/tracks/6w0O9gshUWmVPGG4w0tr4B,In Your Wonderland,7dOswEYzOtTMECumrZ3NHY
6ZWRvS1VpmqA2ap3bMI4dY,https://api.spotify.com/v1/tracks/6ZWRvS1VpmqA2ap3bMI4dY,Masa Depan,7dOswEYzOtTMECumrZ3NHY
7DbcYoZyhsud6xwjcAvCKg,https://api.spotify.com/v1/tracks/7DbcYoZyhsud6xwjcAvCKg,Let Me,7dOswEYzOtTMECumrZ3NHY
2iAwqZBu2HT6kVwvg6mjY7,https://api.spotify.com/v1/tracks/2iAwqZBu2HT6kVwvg6mjY7,2 am,7dOswEYzOtTMECumrZ3NHY
0HzxeEDKusQM9YaH2fzFfS,https://api.spotify.com/v1/tracks/0HzxeEDKusQM9YaH2fzFfS,Everything Is Everything,7dOswEYzOtTMECumrZ3NHY
6YRNS9NPoWp03NWAnUjyx5,https://api.spotify.com/v1/tracks/6YRNS9NPoWp03NWAnUjyx5,"Thinking, Thinking",7dOswEYzOtTMECumrZ3NHY
5rW7qTn83sCKtqBoneJs63,https://api.spotify.com/v1/tracks/5rW7qTn83sCKtqBoneJs63,edamame (feat. Rich Brian),41X1TR6hrK8Q2ZCpp2EqCz
51Fjme0JiitpyXKuyQiCDo,https://api.spotify.com/v1/tracks/51Fjme0JiitpyXKuyQiCDo,Lalala,6USMTwO0MNDnKte5a5h0xx
404b6bC4GIxPsNssJmfC1f,https://api.spotify.com/v1/tracks/404b6bC4GIxPsNssJmfC1f,pogo,41X1TR6hrK8Q2ZCpp2EqCz
4YMc3A256xFBS0xcT77Qce,https://api.spotify.com/v1/tracks/4YMc3A256xFBS0xcT77Qce,help herself,41X1TR6hrK8Q2ZCpp2EqCz
1fvEC5ksBfgjGWVNP9eJ2t,https://api.spotify.com/v1/tracks/1fvEC5ksBfgjGWVNP9eJ2t,edamame (feat. Rich Brian) - Diplo Remix,41X1TR6hrK8Q2ZCpp2EqCz
0b7C1NzdU4gz5CaNzBtuuk,https://api.spotify.com/v1/tracks/0b7C1NzdU4gz5CaNzBtuuk,piccolo,41X1TR6hrK8Q2ZCpp2EqCz
0mQfkI8dXCAX9rBCBhzWjX,https://api.spotify.com/v1/tracks/0mQfkI8dXCAX9rBCBhzWjX,mathematics,41X1TR6hrK8Q2ZCpp2EqCz
7LmyUD78mtwBDzgVV4P5F4,https://api.spotify.com/v1/tracks/7LmyUD78mtwBDzgVV4P5F4,Snakes (from the series Arcane League of Legends),7sBtBCNVRujQhaHDODkfTN
1ylnqO4n7fgBRYz8AD6tdH,https://api.spotify.com/v1/tracks/1ylnqO4n7fgBRYz8AD6tdH,Flashback,7sBtBCNVRujQhaHDODkfTN
6fHs0oTEL87savGV1pLRmh,https://api.spotify.com/v1/tracks/6fHs0oTEL87savGV1pLRmh,I’m So,7sBtBCNVRujQhaHDODkfTN
2F0ZhkffMue5pjIONJHQaE,https://api.spotify.com/v1/tracks/2F0ZhkffMue5pjIONJHQaE,Other Side,7sBtBCNVRujQhaHDODkfTN
74gbCJ5ZvyYAjUA3PeshnR,https://api.spotify.com/v1/tracks/74gbCJ5ZvyYAjUA3PeshnR,Samurai 45,7sBtBCNVRujQhaHDODkfTN
717nOPOJMMqGoX9fXRrf8F,https://api.spotify.com/v1/tracks/717nOPOJMMqGoX9fXRrf8F,Butterfly,7sBtBCNVRujQhaHDODkfTN
0JsP5I1JItAZYlOfCXnaax,https://api.spotify.com/v1/tracks/0JsP5I1JItAZYlOfCXnaax,Futurism,7sBtBCNVRujQhaHDODkfTN
3ZKWAGpEG2UGvjzoNgJEPq,https://api.spotify.com/v1/tracks/3ZKWAGpEG2UGvjzoNgJEPq,Knock Me Out,7sBtBCNVRujQhaHDODkfTN
2UridQMaNX3mi7aK1es3MT,https://api.spotify.com/v1/tracks/2UridQMaNX3mi7aK1es3MT,Dancing With My Fingers,7sBtBCNVRujQhaHDODkfTN
1D9kLvE4SBX6EOG8uJa7Vy,https://api.spotify.com/v1/tracks/1D9kLvE4SBX6EOG8uJa7Vy,Lalala - Ilkan Gunuc Remix,6USMTwO0MNDnKte5a5h0xx
64YAQSR4jfmtHeJudcQix2,https://api.spotify.com/v1/tracks/64YAQSR4jfmtHeJudcQix2,"Go Dumb (feat. blackbear, The Kid LAROI and Bankrol Hayden)",6USMTwO0MNDnKte5a5h0xx
2nA2F3JwEj3FoR9Pxgnkln,https://api.spotify.com/v1/tracks/2nA2F3JwEj3FoR9Pxgnkln,Lalala - Oliver Heldens Remix,6USMTwO0MNDnKte5a5h0xx
1bG6qffAzpyiqwZz4zytTt,https://api.spotify.com/v1/tracks/1bG6qffAzpyiqwZz4zytTt,Wawawa,6USMTwO0MNDnKte5a5h0xx
4XZIuf6EJw8HKOkRC9Jlj4,https://api.spotify.com/v1/tracks/4XZIuf6EJw8HKOkRC9Jlj4,Lalala - Remix - [feat. Enrique Iglesias & Carly Rae Jepsen],6USMTwO0MNDnKte5a5h0xx
7jEVW8o2CIfdgziEJXnii8,https://api.spotify.com/v1/tracks/7jEVW8o2CIfdgziEJXnii8,Caledonia,63gizE0cqalXVpwZdZHY47
04xAywDDrvNZtUKdB7Smi3,https://api.spotify.com/v1/tracks/04xAywDDrvNZtUKdB7Smi3,Auld Lang Syne,63gizE0cqalXVpwZdZHY47
4QvbBR1e79IYf7323EVUdd,https://api.spotify.com/v1/tracks/4QvbBR1e79IYf7323EVUdd,Ready For The Storm,63gizE0cqalXVpwZdZHY47
6R52Yp7q1bVX8rcezf7DbG,https://api.spotify.com/v1/tracks/6R52Yp7q1bVX8rcezf7DbG,The Gael,63gizE0cqalXVpwZdZHY47
6JvB2zCQihiuxmM9J4G78J,https://api.spotify.com/v1/tracks/6JvB2zCQihiuxmM9J4G78J,The Gael Northwest,63gizE0cqalXVpwZdZHY47
5Fh1EwAoK35gl4hrNyxnfB,https://api.spotify.com/v1/tracks/5Fh1EwAoK35gl4hrNyxnfB,Feel So Near,63gizE0cqalXVpwZdZHY47
30CdL7RNz2X5ile5Tqeedl,https://api.spotify.com/v1/tracks/30CdL7RNz2X5ile5Tqeedl,Caledonia,63gizE0cqalXVpwZdZHY47
062fNXDcHIEoH3GFn8hVQn,https://api.spotify.com/v1/tracks/062fNXDcHIEoH3GFn8hVQn,Bonnie Bessie Logan,63gizE0cqalXVpwZdZHY47
5v7xakRgbY6Rm4J1OYH5KS,https://api.spotify.com/v1/tracks/5v7xakRgbY6Rm4J1OYH5KS,Wild & Windy Night,63gizE0cqalXVpwZdZHY47
4bToS6CYQw8A9IDGPVmkjW,https://api.spotify.com/v1/tracks/4bToS6CYQw8A9IDGPVmkjW,I Don't Gotta Know,1E4g32yGNzPxk7GOhJBulj
5EhqjLa40VgnMgMyJlfAZA,https://api.spotify.com/v1/tracks/5EhqjLa40VgnMgMyJlfAZA,Can't Slow Down,1E4g32yGNzPxk7GOhJBulj
2ts3FWArgdN0YkfafEJRBl,https://api.spotify.com/v1/tracks/2ts3FWArgdN0YkfafEJRBl,秘密,1E4g32yGNzPxk7GOhJBulj
0vEwmS84B8v3FX4S3talh6,https://api.spotify.com/v1/tracks/0vEwmS84B8v3FX4S3talh6,Relationship,1E4g32yGNzPxk7GOhJBulj
0QX151rGhclBcVHAQRroRR,https://api.spotify.com/v1/tracks/0QX151rGhclBcVHAQRroRR,Born to Lose,1E4g32yGNzPxk7GOhJBulj
2CfNX2Ybr1MSrDkxyNEafx,https://api.spotify.com/v1/tracks/2CfNX2Ybr1MSrDkxyNEafx,GTA(feat. 彈殼),1E4g32yGNzPxk7GOhJBulj
6OUF3VfhA7MXPSbT04f4oz,https://api.spotify.com/v1/tracks/6OUF3VfhA7MXPSbT04f4oz,Missed Texts,1E4g32yGNzPxk7GOhJBulj
1K9XRyb0lA6rKM3c47FQIn,https://api.spotify.com/v1/tracks/1K9XRyb0lA6rKM3c47FQIn,Dip Out,1E4g32yGNzPxk7GOhJBulj
1xbDitfPwUaP7y3QJ6pXja,https://api.spotify.com/v1/tracks/1xbDitfPwUaP7y3QJ6pXja,困兽,1E4g32yGNzPxk7GOhJBulj
4WMCn6s4BZZPfQT3DJbB47,https://api.spotify.com/v1/tracks/4WMCn6s4BZZPfQT3DJbB47,The Best For You,22JbAaWA5Abf5esf6N4PHY
2wjsdBWRGQvsCENBap9s5X,https://api.spotify.com/v1/tracks/2wjsdBWRGQvsCENBap9s5X,To Be Happy,22JbAaWA5Abf5esf6N4PHY
0AHMsDGvM7OFlMfkdDYRfe,https://api.spotify.com/v1/tracks/0AHMsDGvM7OFlMfkdDYRfe,Tell Me You Do Too,22JbAaWA5Abf5esf6N4PHY
51nuBfp8eP0djB3iMEjN7k,https://api.spotify.com/v1/tracks/51nuBfp8eP0djB3iMEjN7k,Goodbye,22JbAaWA5Abf5esf6N4PHY
5RlxDgQrWlsB6wghTV1hoQ,https://api.spotify.com/v1/tracks/5RlxDgQrWlsB6wghTV1hoQ,Bedtime Story,22JbAaWA5Abf5esf6N4PHY
3rFvnc3Yo4Mp2M06MxpkNT,https://api.spotify.com/v1/tracks/3rFvnc3Yo4Mp2M06MxpkNT,Sorry,22JbAaWA5Abf5esf6N4PHY
0d8nCCciOgdwxNeRQVoiLm,https://api.spotify.com/v1/tracks/0d8nCCciOgdwxNeRQVoiLm,樹洞,22JbAaWA5Abf5esf6N4PHY
3GZD6HmiNUhxXYf8Gch723,https://api.spotify.com/v1/tracks/3GZD6HmiNUhxXYf8Gch723,Lost,2h93pZq0e7k5yf4dywlkpM
3xKsf9qdS1CyvXSMEid6g8,https://api.spotify.com/v1/tracks/3xKsf9qdS1CyvXSMEid6g8,Pink + White,2h93pZq0e7k5yf4dywlkpM
2ZWlPOoWh0626oTaHrnl2a,https://api.spotify.com/v1/tracks/2ZWlPOoWh0626oTaHrnl2a,Ivy,2h93pZq0e7k5yf4dywlkpM
7eqoqGkKwgOaWNNHx90uEZ,https://api.spotify.com/v1/tracks/7eqoqGkKwgOaWNNHx90uEZ,Nights,2h93pZq0e7k5yf4dywlkpM
6Nle9hKrkL1wQpwNfEkxjh,https://api.spotify.com/v1/tracks/6Nle9hKrkL1wQpwNfEkxjh,Chanel,2h93pZq0e7k5yf4dywlkpM
4osgfFTICMkcGbbigdsa53,https://api.spotify.com/v1/tracks/4osgfFTICMkcGbbigdsa53,Novacane,2h93pZq0e7k5yf4dywlkpM
7DfFc7a6Rwfi3YQMRbDMau,https://api.spotify.com/v1/tracks/7DfFc7a6Rwfi3YQMRbDMau,Thinkin Bout You,2h93pZq0e7k5yf4dywlkpM
2LMkwUfqC6S6s6qDVlEuzV,https://api.spotify.com/v1/tracks/2LMkwUfqC6S6s6qDVlEuzV,White Ferrari,2h93pZq0e7k5yf4dywlkpM
4S4Mfvv03M1cHgIOJcbUCL,https://api.spotify.com/v1/tracks/4S4Mfvv03M1cHgIOJcbUCL,In My Room,2h93pZq0e7k5yf4dywlkpM
3qLZnIVAiGexuNuG8Aptrq,https://api.spotify.com/v1/tracks/3qLZnIVAiGexuNuG8Aptrq,"By the Still Waters, Op. 114",1QeC5GwDENQv78O3PCLeZB
4VVEfBXep7FdOt524jkfLF,https://api.spotify.com/v1/tracks/4VVEfBXep7FdOt524jkfLF,"Young Birches, Op. 128, No. 2",1QeC5GwDENQv78O3PCLeZB
2fDLC30XLnXwVtASMgsD1b,https://api.spotify.com/v1/tracks/2fDLC30XLnXwVtASMgsD1b,"3 Compositions, Op. 40: No. 2, Berceuse",1QeC5GwDENQv78O3PCLeZB
3QI3LjBqsB4tuaDgR2jOyU,https://api.spotify.com/v1/tracks/3QI3LjBqsB4tuaDgR2jOyU,"4 Sketches, Op. 15: No. 3. Dreaming (arr. for cello and piano)",1QeC5GwDENQv78O3PCLeZB
2hHQb8EIlBNwALIVV3UUez,https://api.spotify.com/v1/tracks/2hHQb8EIlBNwALIVV3UUez,"Romance for Violin and Piano, Op. 23",1QeC5GwDENQv78O3PCLeZB
0X4j0IqoVICreUoHuKblYA,https://api.spotify.com/v1/tracks/0X4j0IqoVICreUoHuKblYA,Romance Op. 23,1QeC5GwDENQv78O3PCLeZB
3Of5Ow9zOuBo1cCQlMRtMp,https://api.spotify.com/v1/tracks/3Of5Ow9zOuBo1cCQlMRtMp,"4 Sketches, Op. 15: No. 4. Fireflies",1QeC5GwDENQv78O3PCLeZB
4MzgWp3p63QxOrTe9HktQX,https://api.spotify.com/v1/tracks/4MzgWp3p63QxOrTe9HktQX,"Hermit Thrush, Op. 92: No. 2, A Hermit Thrush at Morn",1QeC5GwDENQv78O3PCLeZB
0OTEqgbfNXssmkSnQhdcrK,https://api.spotify.com/v1/tracks/0OTEqgbfNXssmkSnQhdcrK,"Summer Dreams, Op. 47: No. 6, Good Night",1QeC5GwDENQv78O3PCLeZB
6w1JyXgv5epQCZoc2MW5X4,https://api.spotify.com/v1/tracks/6w1JyXgv5epQCZoc2MW5X4,deep end,6trIghKwHRUyxwvm66HLHH
3RXGbZhy0Hyur2mSVDlu51,https://api.spotify.com/v1/tracks/3RXGbZhy0Hyur2mSVDlu51,TAKE ME HOME,68kEuyFKyqrdQQLLsmiatm
4emJOvmhqWJAxpwB7c9JJw,https://api.spotify.com/v1/tracks/4emJOvmhqWJAxpwB7c9JJw,candy grapes (feat. Steve Lacy),6trIghKwHRUyxwvm66HLHH
3LcFNj04sHJson5SIrRPAe,https://api.spotify.com/v1/tracks/3LcFNj04sHJson5SIrRPAe,single af,6trIghKwHRUyxwvm66HLHH
2SUhYLEWeiJsK5IX1UCa66,https://api.spotify.com/v1/tracks/2SUhYLEWeiJsK5IX1UCa66,Deep End - Rompasso Remix,6trIghKwHRUyxwvm66HLHH
7nmjqAYgfw1oIuTaoT9w1Q,https://api.spotify.com/v1/tracks/7nmjqAYgfw1oIuTaoT9w1Q,"Sanctus (based on 'Canon in D Major, P. 37' by Johann Pachelbel)",2G9gEEtYueq2WQqzfzWK0H
34lKiKHCKhMe9PAfGcdFNE,https://api.spotify.com/v1/tracks/34lKiKHCKhMe9PAfGcdFNE,Sparkling,2PSJ6YriU7JsFucxACpU7Y
3QD0Y1tTngihByjdWC99lG,https://api.spotify.com/v1/tracks/3QD0Y1tTngihByjdWC99lG,Killing Me,2PSJ6YriU7JsFucxACpU7Y
1exnDFdC34GyBcaLt9ZJfX,https://api.spotify.com/v1/tracks/1exnDFdC34GyBcaLt9ZJfX,Gotta Go,2PSJ6YriU7JsFucxACpU7Y
4IOxk5ep5ONrdlL0ZIy64v,https://api.spotify.com/v1/tracks/4IOxk5ep5ONrdlL0ZIy64v,Snapping,2PSJ6YriU7JsFucxACpU7Y
7wDVvxMUdW5MtJUqFtuXUz,https://api.spotify.com/v1/tracks/7wDVvxMUdW5MtJUqFtuXUz,Bicycle,2PSJ6YriU7JsFucxACpU7Y
1d8Arh7PushRWWJRs41rSa,https://api.spotify.com/v1/tracks/1d8Arh7PushRWWJRs41rSa,Dream of You (with R3HAB),2PSJ6YriU7JsFucxACpU7Y
6DIW7GJbuGZdHolRcPWprP,https://api.spotify.com/v1/tracks/6DIW7GJbuGZdHolRcPWprP,Roller Coaster,2PSJ6YriU7JsFucxACpU7Y
6UM5HKVVm1cjOQhUJB4Ft3,https://api.spotify.com/v1/tracks/6UM5HKVVm1cjOQhUJB4Ft3,PLAY (feat. Changmo),2PSJ6YriU7JsFucxACpU7Y
1WCOna34eEMPgjfOOZkGQc,https://api.spotify.com/v1/tracks/1WCOna34eEMPgjfOOZkGQc,Bad Boy,2PSJ6YriU7JsFucxACpU7Y
4RVwu0g32PAqgUiJoXsdF8,https://api.spotify.com/v1/tracks/4RVwu0g32PAqgUiJoXsdF8,Happier Than Ever,6qqNVTkY8uBg9cP3Jd7DAH
0u2P5u6lvoDfwTYjAADbn4,https://api.spotify.com/v1/tracks/0u2P5u6lvoDfwTYjAADbn4,lovely (with Khalid),6qqNVTkY8uBg9cP3Jd7DAH
3GYlZ7tbxLOxe6ewMNVTkw,https://api.spotify.com/v1/tracks/3GYlZ7tbxLOxe6ewMNVTkw,TV,6qqNVTkY8uBg9cP3Jd7DAH
3ZCTVFBt2Brf31RLEnCkWJ,https://api.spotify.com/v1/tracks/3ZCTVFBt2Brf31RLEnCkWJ,everything i wanted,6qqNVTkY8uBg9cP3Jd7DAH
04sN26COy28wTXYj3dMoiZ,https://api.spotify.com/v1/tracks/04sN26COy28wTXYj3dMoiZ,Bored,6qqNVTkY8uBg9cP3Jd7DAH
2Fxmhks0bxGSBdJ92vM42m,https://api.spotify.com/v1/tracks/2Fxmhks0bxGSBdJ92vM42m,bad guy,6qqNVTkY8uBg9cP3Jd7DAH
5SHpuW2qjkQtFRpE6P9Nks,https://api.spotify.com/v1/tracks/5SHpuW2qjkQtFRpE6P9Nks,The 30th,6qqNVTkY8uBg9cP3Jd7DAH
43zdsphuZLzwA9k4DJhU0I,https://api.spotify.com/v1/tracks/43zdsphuZLzwA9k4DJhU0I,when the party's over,6qqNVTkY8uBg9cP3Jd7DAH
32BeYxKPrig1LefHsC0Xuo,https://api.spotify.com/v1/tracks/32BeYxKPrig1LefHsC0Xuo,Happier Than Ever - Edit,6qqNVTkY8uBg9cP3Jd7DAH
0SxQz5uPZ5cAGWzj6MvzrX,https://api.spotify.com/v1/tracks/0SxQz5uPZ5cAGWzj6MvzrX,Cruel,1kfWoWgCugPkyxQP8lkRlY
0QPPJN3d42PINVAyBPZTC3,https://api.spotify.com/v1/tracks/0QPPJN3d42PINVAyBPZTC3,Blow,1kfWoWgCugPkyxQP8lkRlY
3Jbpo2slhW2bbVneiJnC9G,https://api.spotify.com/v1/tracks/3Jbpo2slhW2bbVneiJnC9G,LMLY,1kfWoWgCugPkyxQP8lkRlY
3witRpHWHqArlnt6GTlH2Y,https://api.spotify.com/v1/tracks/3witRpHWHqArlnt6GTlH2Y,I Love You 3000 II,1AhjOkOLkbHUfcHDSErXQs
1qbXrxctv75pm1lWCn6Zw3,https://api.spotify.com/v1/tracks/1qbXrxctv75pm1lWCn6Zw3,Walking (feat. Swae Lee & Major Lazer),1AhjOkOLkbHUfcHDSErXQs
4mQMvcRtQou5yI8mjuJ1lf,https://api.spotify.com/v1/tracks/4mQMvcRtQou5yI8mjuJ1lf,100 Ways,1kfWoWgCugPkyxQP8lkRlY
7uidJM7xBikobIitpHQKZ4,https://api.spotify.com/v1/tracks/7uidJM7xBikobIitpHQKZ4,Drive You Home,1kfWoWgCugPkyxQP8lkRlY
5Rse8If81NbzXL1ARjHOTB,https://api.spotify.com/v1/tracks/5Rse8If81NbzXL1ARjHOTB,Pretty Please,1kfWoWgCugPkyxQP8lkRlY
6k6pPAqLxleqb3fbMtVjxe,https://api.spotify.com/v1/tracks/6k6pPAqLxleqb3fbMtVjxe,TITANIC (feat. Rich Brian),1kfWoWgCugPkyxQP8lkRlY
1NechTDnTtSaciAT6gmvJQ,https://api.spotify.com/v1/tracks/1NechTDnTtSaciAT6gmvJQ,"Schumann: 12 Gedichte aus Liebesfrühling, Op. 37: No. 11: Warum willst du andre fragen",2yzaWNFV3cxmcRZtwtr5WC
6VLzm03YUeXVl3GdGyib6J,https://api.spotify.com/v1/tracks/6VLzm03YUeXVl3GdGyib6J,"3 Romances, Op. 11: 1. Andante",2yzaWNFV3cxmcRZtwtr5WC
1u7z1dbU39nz7LysjwU5uF,https://api.spotify.com/v1/tracks/1u7z1dbU39nz7LysjwU5uF,"3 Preludes and Fugues, Op. 16: No. 2. Prelude and Fugue in B-Flat Major",2yzaWNFV3cxmcRZtwtr5WC
2qHAN7YZvbMcCZeY96KBrf,https://api.spotify.com/v1/tracks/2qHAN7YZvbMcCZeY96KBrf,"Three Romances, Op. 11: No. 1 in E-Flat Minor, Andante",2yzaWNFV3cxmcRZtwtr5WC
76Dnq6tk34o2Z4IqFA8aua,https://api.spotify.com/v1/tracks/76Dnq6tk34o2Z4IqFA8aua,"Three Romances for Violin and Piano, Op. 22: I. Andante molto",2yzaWNFV3cxmcRZtwtr5WC
3LNsyHdo8MWl4mqbkzAvKh,https://api.spotify.com/v1/tracks/3LNsyHdo8MWl4mqbkzAvKh,"Piano Concerto in A Minor, Op. 7: II. Romanze: Andante non troppo con grazia",2yzaWNFV3cxmcRZtwtr5WC
2objnIQ2PEB2PkmqtQLrLq,https://api.spotify.com/v1/tracks/2objnIQ2PEB2PkmqtQLrLq,"Piano Trio in G Minor, Op. 17: III. Andante - più animato",2yzaWNFV3cxmcRZtwtr5WC
4KCVBAUv1dnscK8UTgIbv7,https://api.spotify.com/v1/tracks/4KCVBAUv1dnscK8UTgIbv7,"Schumann, Clara: 3 Romances, Op. 11: No. 1 in E-Flat Minor",2yzaWNFV3cxmcRZtwtr5WC
3mzyTGFLlcSPUpO47GkD96,https://api.spotify.com/v1/tracks/3mzyTGFLlcSPUpO47GkD96,3 Romanzen für Violine und Klavier Op.22: 1. Andante molto,2yzaWNFV3cxmcRZtwtr5WC
5q3LwAHTqo9d3rET2EA9Nq,https://api.spotify.com/v1/tracks/5q3LwAHTqo9d3rET2EA9Nq,The Weekend,1AhjOkOLkbHUfcHDSErXQs
5Htq8DDDN0Xce9MwqzAzui,https://api.spotify.com/v1/tracks/5Htq8DDDN0Xce9MwqzAzui,La La Lost You,1AhjOkOLkbHUfcHDSErXQs
0iWFz0Q5Qha9bx325ocFWq,https://api.spotify.com/v1/tracks/0iWFz0Q5Qha9bx325ocFWq,Best Lover,1AhjOkOLkbHUfcHDSErXQs
3Qj2f7BrpJNGj3dbxKpOlp,https://api.spotify.com/v1/tracks/3Qj2f7BrpJNGj3dbxKpOlp,California (feat. Warren Hue),1AhjOkOLkbHUfcHDSErXQs
3kYARoLSAvt86VFZ55BQcq,https://api.spotify.com/v1/tracks/3kYARoLSAvt86VFZ55BQcq,Head In The Clouds,1AhjOkOLkbHUfcHDSErXQs
4uQ7wYsuL0DryknoDc11Hk,https://api.spotify.com/v1/tracks/4uQ7wYsuL0DryknoDc11Hk,Norf Norf,68kEuyFKyqrdQQLLsmiatm
3Vj8RQkFwOmDvUrwu6MtQZ,https://api.spotify.com/v1/tracks/3Vj8RQkFwOmDvUrwu6MtQZ,"Yo Love - From ""Queen & Slim: The Soundtrack""",68kEuyFKyqrdQQLLsmiatm
5OFEJMirg4NPz7G1zgXDYu,https://api.spotify.com/v1/tracks/5OFEJMirg4NPz7G1zgXDYu,ARE YOU WITH THAT?,68kEuyFKyqrdQQLLsmiatm
7uX3gufAoBVqKVoD3dBLLD,https://api.spotify.com/v1/tracks/7uX3gufAoBVqKVoD3dBLLD,&burn (with Vince Staples),6qqNVTkY8uBg9cP3Jd7DAH
1jhdCONafFj1hzJsPvZx27,https://api.spotify.com/v1/tracks/1jhdCONafFj1hzJsPvZx27,WHEN SPARKS FLY,68kEuyFKyqrdQQLLsmiatm
5Z3mR4zAX4K3krt4JAOpmx,https://api.spotify.com/v1/tracks/5Z3mR4zAX4K3krt4JAOpmx,LEMONADE,68kEuyFKyqrdQQLLsmiatm
7jN5Abri3a1crehbnlWa1F,https://api.spotify.com/v1/tracks/7jN5Abri3a1crehbnlWa1F,MAGIC,68kEuyFKyqrdQQLLsmiatm
7pBsquIkbED6W6uSQJGbkn,https://api.spotify.com/v1/tracks/7pBsquIkbED6W6uSQJGbkn,Home,68kEuyFKyqrdQQLLsmiatm
1L8NADNWd56cZRnaxcxPPI,https://api.spotify.com/v1/tracks/1L8NADNWd56cZRnaxcxPPI,ROSE STREET,68kEuyFKyqrdQQLLsmiatm
4Dy5oXGqZZLzOumW6Jho7o,https://api.spotify.com/v1/tracks/4Dy5oXGqZZLzOumW6Jho7o,Countless Times,21ZpqFOa1Viho0YiuEB8lG
24JuKCMs4ZabanWcmwqnUA,https://api.spotify.com/v1/tracks/24JuKCMs4ZabanWcmwqnUA,KMS - A COLORS SHOW,21ZpqFOa1Viho0YiuEB8lG
6n4UqcXIyzKq7KP61I3fzc,https://api.spotify.com/v1/tracks/6n4UqcXIyzKq7KP61I3fzc,KMS,21ZpqFOa1Viho0YiuEB8lG
4Wjs2vzGsh5L88isQmLXYv,https://api.spotify.com/v1/tracks/4Wjs2vzGsh5L88isQmLXYv,Real Recognize Real,21ZpqFOa1Viho0YiuEB8lG
4DH2girSMyTIJaFrZdnJZL,https://api.spotify.com/v1/tracks/4DH2girSMyTIJaFrZdnJZL,So Frequently,21ZpqFOa1Viho0YiuEB8lG
6E6R6NUu2zAExZiWvbzkOB,https://api.spotify.com/v1/tracks/6E6R6NUu2zAExZiWvbzkOB,Feelin' Me,21ZpqFOa1Viho0YiuEB8lG
2SV5uVCLkf5g3BBfS4f2oo,https://api.spotify.com/v1/tracks/2SV5uVCLkf5g3BBfS4f2oo,Love Letter,21ZpqFOa1Viho0YiuEB8lG
62Wm2jnqXMSyrrLxEvvuhZ,https://api.spotify.com/v1/tracks/62Wm2jnqXMSyrrLxEvvuhZ,FYM,21ZpqFOa1Viho0YiuEB8lG
4mekJeW39ewly8gINHucAw,https://api.spotify.com/v1/tracks/4mekJeW39ewly8gINHucAw,Rain Freestyle,21ZpqFOa1Viho0YiuEB8lG
3n5te2xbUAPjzAnhLgA42z,https://api.spotify.com/v1/tracks/3n5te2xbUAPjzAnhLgA42z,Let's Fall in Love for the Night,37M5pPGs6V1fchFJSgCguX
7gGBgh0bVxHPgZjA505bo9,https://api.spotify.com/v1/tracks/7gGBgh0bVxHPgZjA505bo9,Break My Heart Again,37M5pPGs6V1fchFJSgCguX
252G7yirQ4pXj6ZD4T9R2W,https://api.spotify.com/v1/tracks/252G7yirQ4pXj6ZD4T9R2W,"Mona Lisa, Mona Lisa",37M5pPGs6V1fchFJSgCguX
7yfGRLpyVn2qiyU9FR86Ww,https://api.spotify.com/v1/tracks/7yfGRLpyVn2qiyU9FR86Ww,I Lost a Friend,37M5pPGs6V1fchFJSgCguX
4W1gUkq2TAOOFCBet3i3WR,https://api.spotify.com/v1/tracks/4W1gUkq2TAOOFCBet3i3WR,What They'll Say About Us,37M5pPGs6V1fchFJSgCguX
1aXWzWjj5Lchfm44Uet9nZ,https://api.spotify.com/v1/tracks/1aXWzWjj5Lchfm44Uet9nZ,Naked,37M5pPGs6V1fchFJSgCguX
2tJUcBxiQEYSCzC3BdIOk8,https://api.spotify.com/v1/tracks/2tJUcBxiQEYSCzC3BdIOk8,Love is Pain,37M5pPGs6V1fchFJSgCguX
1gH1h30wkQdd9zhY3j7a8T,https://api.spotify.com/v1/tracks/1gH1h30wkQdd9zhY3j7a8T,THE SHADE,7pbDxGE6nQSZVfiFdq9lOL
4EWBhKf1fOFnyMtUzACXEc,https://api.spotify.com/v1/tracks/4EWBhKf1fOFnyMtUzACXEc,Pluto Projector,7pbDxGE6nQSZVfiFdq9lOL
47Bg6IrMed1GPbxRgwH2aC,https://api.spotify.com/v1/tracks/47Bg6IrMed1GPbxRgwH2aC,Best Friend,7pbDxGE6nQSZVfiFdq9lOL
5OUTFH5acycdnf8OVo21Gv,https://api.spotify.com/v1/tracks/5OUTFH5acycdnf8OVo21Gv,Television / So Far So Good,7pbDxGE6nQSZVfiFdq9lOL
4EpZ4eYuZOwPSSwyqpdHnJ,https://api.spotify.com/v1/tracks/4EpZ4eYuZOwPSSwyqpdHnJ,Sunflower,7pbDxGE6nQSZVfiFdq9lOL
5EYi2rH4LYs6M21ZLOyQTx,https://api.spotify.com/v1/tracks/5EYi2rH4LYs6M21ZLOyQTx,Loving Is Easy (feat. Benny Sings),7pbDxGE6nQSZVfiFdq9lOL
3mWUqIz228lrdC5ZSkpjUG,https://api.spotify.com/v1/tracks/3mWUqIz228lrdC5ZSkpjUG,THREAT,7pbDxGE6nQSZVfiFdq9lOL
2rXVtoLBHuXcNB5DVfIc9p,https://api.spotify.com/v1/tracks/2rXVtoLBHuXcNB5DVfIc9p,Happiness,7pbDxGE6nQSZVfiFdq9lOL
3OM6qQmdFV6uy61GIqpRtf,https://api.spotify.com/v1/tracks/3OM6qQmdFV6uy61GIqpRtf,AMAZING,7pbDxGE6nQSZVfiFdq9lOL
13WuxHOJdApCaWfACurQ0f,https://api.spotify.com/v1/tracks/13WuxHOJdApCaWfACurQ0f,放個假,4XZNROthOZV5k7sPAG3UTX
5TsyxEIc5yBhGr8b9ZLcyW,https://api.spotify.com/v1/tracks/5TsyxEIc5yBhGr8b9ZLcyW,少年維持著煩惱,4XZNROthOZV5k7sPAG3UTX
35xilew5nalcetOeytaDFj,https://api.spotify.com/v1/tracks/35xilew5nalcetOeytaDFj,還在流浪,2elBjNSdBE2Y3f0j1mjrql
0ouNy5wxZ1jXOPMwxi2Zbo,https://api.spotify.com/v1/tracks/0ouNy5wxZ1jXOPMwxi2Zbo,同個世界 - bilibili & Disney《正義的算法》片尾曲,4DEItwf281SHmTnS8q3Mn9
7uwJwSKpmzZH7p7imm4f1P,https://api.spotify.com/v1/tracks/7uwJwSKpmzZH7p7imm4f1P,No Reason,78EWtfjj7daNa4FrTSPQsD
4ZMJshw6UOvaTWWThYtEoW,https://api.spotify.com/v1/tracks/4ZMJshw6UOvaTWWThYtEoW,Heartless,5K4W6rqBFWDnAN6FQUkS6x
24cgBBhZD1cWekUqaYuqTB,https://api.spotify.com/v1/tracks/24cgBBhZD1cWekUqaYuqTB,"Orfeo ed Euridice, Wq. 30 (Arranged by Sgambati): Melodie dell'Orfeo",7vfydQ0nVBVgJ0ajs8EtRM
26vo1FuxIs0rINePq3lOx8,https://api.spotify.com/v1/tracks/26vo1FuxIs0rINePq3lOx8,最偉大的作品,2elBjNSdBE2Y3f0j1mjrql
3t7GX7UAoxFcvkWCDqEvLW,https://api.spotify.com/v1/tracks/3t7GX7UAoxFcvkWCDqEvLW,別問很可怕,4DEItwf281SHmTnS8q3Mn9
6LAHkI7op52Y4NoK2PGMlH,https://api.spotify.com/v1/tracks/6LAHkI7op52Y4NoK2PGMlH,放個大招給你看 (OPPO Reno 宣傳曲),78EWtfjj7daNa4FrTSPQsD
3sNVsP50132BTNlImLx70i,https://api.spotify.com/v1/tracks/3sNVsP50132BTNlImLx70i,Bound 2,5K4W6rqBFWDnAN6FQUkS6x
64GRDrL1efgXclrhVCeuA0,https://api.spotify.com/v1/tracks/64GRDrL1efgXclrhVCeuA0,Lay Me Down,2wY79sveU1sp5g7SokKOiI
1PSDpiTgnkxHc7GhKrHCaA,https://api.spotify.com/v1/tracks/1PSDpiTgnkxHc7GhKrHCaA,PADO,6UbmqUEgjLA6jAcXwbM1Z9
